{
	"description": "项目配置文件。",
	"setting": {
		"urlCheck": true,
		"es6": true,
		"postcss": true,
		"minified": true,
		"newFeature": true
	},
	"compileType": "miniprogram",
	"libVersion": "1.6.6",
	"appid": "wxc2a5e8782fb56ad9",
	"projectname": "%E6%AF%8F%E5%A4%A9%E4%B8%80%E9%81%93%E9%A2%98",
	"condition": {
		"search": {
			"current": -1,
			"list": []
		},
		"conversation": {
			"current": -1,
			"list": []
		},
		"miniprogram": {
			"current": -1,
			"list": [
				{
					"id": -1,
					"name": "zidingyi",
					"pathName": "pages/home/answer/answer",
					"query": ""
				},
				{
					"id": -1,
					"name": "mine",
					"pathName": "pages/mine/mine",
					"query": ""
				}
			]
		}
	}
}